Nome,Classe,Tier,Cartas,Combo,Build (link),Última atualização,Observações,😀 Times
Tiphera,Suporte,S,"Barrier Deployment, Creation and Destruction, Dual Creation, Event Horizon, Form Convergence, Matter Disintegration, Quantum Seed",Quantum Seed para curar e criar Archetype -> Dual Creation / Creation and Destruction para gerar ainda mais Archetype e valor -> Form Convergence para exaurir cartas e comprar mais -> Event Horizon para dar AP e buff de dano pro próximo ataque (normalmente do Kayron) -> Matter Disintegration e Barrier Deployment para controle defensivo/ofensivo e mais alvos de Exhaust,https://game8.co/games/Chaos-Zero-Nightmare/archives/582561,10 de março de 2026,"Tiphera é uma support focada em criar Archetype e exaurir cartas para acelerar o time (especialmente Kayron), gerando AP extra e buffs de dano. Quantum Seed inicia o ciclo com cura e Archetype, Form Convergence exaure cartas e compra mais peças, Dual Creation e Creation and Destruction multiplicam Archetype, Event Horizon concede AP e buffa o próximo ataque, enquanto Matter Disintegration e Barrier Deployment ajudam a controlar o campo e servem como bons alvos para Exhaust. Nos status, priorizar Defense, Defense%, Health, Health% e Ego Recovery para ela tankar bem e manter o suporte constante.",
Hugo,Híbrido,S,"Defense System, Dingo Howling, Fan of Daggers, Fixer’s Approach, Hunting Instincts, Quick Fix, Throw Dagger",Hunting Instincts para ganhar/stackar Commence the Hunt -> Dingo Howling e Quick Fix para comprar Attack e ativar follow-ups -> Throw Dagger / Fan of Daggers para múltiplos hits e aproveitar os Extra Attacks -> Fixer's Approach para aumentar o dano dos follow-ups e Defense System para segurar o turno enquanto continua empilhando Commence the Hunt,https://game8.co/games/Chaos-Zero-Nightmare/archives/560566,10 de março de 2026,"Hugo é um Sub DPS focado em Extra Attack via Commence the Hunt. Ele usa Hunting Instincts para manter stacks altos, Dingo Howling e Quick Fix para comprar cartas e acionar ataques extras, Throw Dagger e Fan of Daggers para múltiplos hits aproveitando esses follow-ups, enquanto Fixer's Approach aumenta o dano deles. Defense System dá sustain e proteção enquanto ele gira o deck. Priorizar Order Damage%, Extra Damage%, Critical Chance%, Critical Damage% e Attack para maximizar o valor dos Extra Attacks.",
Mika,Suporte,S,"Blessing of Waves, Deluge, Source of Water, Tactical Analysis, Water Arrow, Water Barrier, Whirlpool","Source of Water para curar, dar AP e reduzir Stress -> Tactical Analysis / Deluge para empilhar Wave -> Blessing of Waves para converter Wave + AP em cura e Shield -> usar Water Arrow e Whirlpool como dano auxiliar que também escala com Wave -> Water Barrier para proteger o time enquanto ela continua gerando Wave e AP",https://game8.co/games/Chaos-Zero-Nightmare/archives/560170,10 de março de 2026,"Mika é uma support/healer focada em Wave e AP. Source of Water mantém o time vivo e gera AP, Tactical Analysis e Deluge empilham Wave, Blessing of Waves transforma tudo isso em cura e Shield altos, enquanto Water Arrow e Whirlpool dão dano complementar escalando com Wave. Water Barrier ajuda a segurar o time nos turnos de setup. Nos status, priorizar HP%, Defense, Defense%, Healing Bonus e Ego Recovery.",Combo Infinito (https://www.notion.so/Combo-Infinito-0069050bdb4c43098b8115ca71869001?pvs=21)
Veronica,Suporte,S,"Bombardment Prep, Firing Preparation, Illusion of Golden Daffodils, Pendant of Resolution, Rapid Fire, Repose, Sir Kowalski",Firing Preparation para começar a gerar Giant Ballista e preparar o burst -> usar Repose para comprar cartas dos aliados e encher a mão -> Sir Kowalski para buffar Ballistas (+dano) e ainda comprar mais -> Bombardment Prep e Rapid Fire para acelerar o disparo das Ballistas -> Illusion of Golden Daffodils e Pendant of Resolution entram como buffs/controle para garantir que o turno de burst seja o mais forte possível,https://game8.co/games/Chaos-Zero-Nightmare/archives/560556,10 de março de 2026,"Veronica é uma support/Sub-DPS focada em gerar e buffar Giant Ballista enquanto mantém o time cheio de cartas. Firing Preparation garante Ballistas constantes, Repose compra cartas de outros personagens, Sir Kowalski aumenta bastante o dano das Ballistas, e Bombardment Prep/Rapid Fire aceleram o turno de disparo. Illusion of Golden Daffodils e Pendant of Resolution complementam com buffs e controle para que o burst seja consistente. Nos status, priorizar Passion Damage%, Critical Chance%, Critical Damage%, Extra Damage% e Attack, usando sets tipo Glory's Reign + Executioner's Tool.","Combo Infinito (https://www.notion.so/Combo-Infinito-0069050bdb4c43098b8115ca71869001?pvs=21), Sereniel Ravage (https://www.notion.so/Sereniel-Ravage-c54b03fc3dc945e1a9c5e7a128edda44?pvs=21)"
Sereniel,DPS,S,"Cobalt Light, Homing Laser, Magnetic Field, Pale Shooting Star, Plasma Missile, Pulse Fire, Shining Core",Shining Core para criar Homing Laser L -> Plasma Missile para aplicar Instinct Weakness -> Homing Laser e Pulse Fire para spammar hits em alvo enfraquecido -> Magnetic Field para suporte/controle e sinergia de Instinct -> finalizar com Cobalt Light ou Pale Shooting Star ativando múltiplas Homing Laser,https://game8.co/games/Chaos-Zero-Nightmare/archives/572327,10 de março de 2026,"Sereniel é uma DPS de Instinct focada em spammar Homing Laser e Pulse Fire em alvos com Instinct Weakness aplicado por Plasma Missile. Shining Core gera mais lasers, Cobalt Light e Pale Shooting Star detonam vários hits de uma vez, enquanto Magnetic Field oferece suporte/controle e ajuda a manter o campo favorável. Priorizar Instinct Damage%, Critical Chance%, Critical Damage% e Attack, usando sets ofensivos como Black Wing + Cursed Corpse + Executioner's Tool.",
Narja,Suporte,S,"Bottomless Hunger, Domain of Voracity, Mealtime, NA: Attack Response, NA: Defense Response, Shackles of Hunger, Voluntary Control",Bottomless Hunger para começar a gerar Voracity -> Voluntary Control para buffar basic attacks e gerar mais Voracity por hit -> acumular 5 stacks -> Shackles of Hunger para consumir Voracity e turbinar o próximo ataque aliado -> NA: Attack Response e NA: Defense Response para responder a dano sofrido (ataque/defesa) e manter o ciclo de Voracity -> Domain of Voracity para amplificar de vez o payoff da mecânica e Mealtime como heal/dano baseado em DEF quando os stacks foram bem utilizados,https://game8.co/games/Chaos-Zero-Nightmare/archives/574560,10 de março de 2026,"Narja é uma support/buffer orientada a Voracity e respostas (Attack/Defense Response). Bottomless Hunger e Voluntary Control mantêm Voracity alta, NA: Attack Response e NA: Defense Response punem o inimigo quando o time é atacado, e Shackles of Hunger converte os stacks em um buff enorme para o próximo ataque aliado. Domain of Voracity fecha a curva ampliando ainda mais o retorno dos stacks e Mealtime funciona como burst heal/dano baseado em Defesa. Priorizar Defense, Defense%, HP%, Instinct Damage% e Crit stats conforme o uso ofensivo/defensivo.",
Nine,DPS,S,"Back-Edge Parry, Counterblade, Experienced Strike, Fatal Strike, Fighting Spirit, Hew, Slash","Subir o Hew (Extreme) enquanto usa Slash / Experienced Strike pra bater e ganhar value -> Counterblade pra empilhar Honed Edge quando cartas são exauridas -> Fighting Spirit pra ativar Hew e outras skills caras -> quando Hew estiver pronto, Fatal Strike pra levar direto ao nível máximo -> soltar o Hew final com todos os buffs acumulados",https://game8.co/games/Chaos-Zero-Nightmare/archives/578214,10 de março de 2026,"Nine é uma DPS de Order focada em um Hew (Extreme) gigantesco que escala com Defesa. Slash, Back-Edge Parry e Experienced Strike dão cobertura nos turnos em que o Hew ainda está subindo de nível e ajudam a manter pressão. Counterblade gera Honed Edge quando cartas são exauridas, Fightning Spirit ativa o Hew mais vezes e Fatal Strike serve para acelerar o acesso ao Hew máximo. Priorizar Order Damage%, Defense, Crit Chance% e Crit Damage%.",
Rin,DPS,A,"Dark Mist Inner Art, Dark Mist Secret Art: Annihilation, Dark Mist Secret Art: Black Dance, Dark Mist Secret Art: Destruction, Dark mist Sword: First Form, Dark mist Sword: Third Form, Drawing Slash, Protection",Drawing Slash -> obter Dark Mist Stance -> Dark Mist Inner Art para buffar Attack Cards -> Dark Mist Secret Art: Destruction para puxar Annihilation e Black Dance -> Dark Mist Secret Art: Annihilation (multi-hit com crit buff) -> Dark Mist Secret Art: Black Dance (multi-hit escalando com Skill cards na mão) -> reutilizar Destruction para repetir Annihilation / Black Dance,https://game8.co/games/Chaos-Zero-Nightmare/archives/560511,10 de março de 2026,"Build da Rin focada em ser uma selfish DPS de Dark Mist Stance, usando múltiplas cópias de Dark Mist Secret Art: Destruction para ficar reciclando Annihilation e Black Dance durante o turno. O objetivo é entrar em Dark Mist Stance com Drawing Slash, usar Dark Mist Inner Art como upgrade de uso único para dar +50% de Attack Card Damage, e depois alternar entre Annihilation (multi-hit com crítico amplificado) e Black Dance (multi-hit que escala com a quantidade de Skill cards na mão).

Ela funciona melhor em times onde os suportes praticamente não usam Attack Cards, deixando todos os slots de dano para ela. A melhor equipe indicada é formada por dois supports (como Rei e Narja), que fornecem additive damage, card draw e redução de custo para as cartas da Rin, permitindo que ela jogue várias Annihilation e Black Dance no mesmo turno.",
Rei,Suporte,A,"Dark Condensation, Dark Mist Secret Art: Black Dance, Material Regeneration, Predator's Blade, Resonating Darkness, Snack Time, Strike of Darkness",Material Regeneration -> usar Dark Blade / Strike of Darkness para gerar Morale e dano -> repetir Material Regeneration para manter recursos e suportar o DPS principal,https://game8.co/games/Chaos-Zero-Nightmare/archives/560770,10 de março de 2026,"Rei é uma support focada em Morale e buffs de dano para o DPS principal. Ela usa Material Regeneration para manter recursos e Dark Blade / Strike of Darkness para contribuir com dano enquanto gera Morale para o time. A prioridade de status é HP e Defense para sobreviver, com Attack/Attack% se você quiser que o dano dela pese um pouco mais.",
Chizuru,DPS,A,"Bound at Dusk, Karmic Flames, Moonslash, Oni Hunt, Shadow of the Moon, Spiritflame's Ward, Tsukuyomi",Karmic Flames -> Tsukuyomi spam para empilhar hits -> Bound at Dusk / Oni Hunt para aplicar Bind e gerar Will-O'-Wisp -> acumular hits na Shadow of the Moon -> usar Shadow of the Moon para finalizar com burst,https://game8.co/games/Chaos-Zero-Nightmare/archives/569513,10 de março de 2026,"Chizuru é uma DPS focada em carregar Shadow of the Moon com vários hits usando Tsukuyomi, enquanto Bound at Dusk e Oni Hunt aceleram Bind e Will-O'-Wisp. Depois de preparar a Shadow of the Moon, ela solta um burst muito alto em um único turno. Priorizar Void Damage%, Attack, Critical Chance% e Critical Damage% para maximizar o dano da Shadow of the Moon.",
Haru,DPS,A,"Anchor Pointer, Anchor Shot, Bottomless Hunger, Charge Energy, Lift Anchor, Repose, Sir Kowalski, Voluntary Control",Anchor Shot (stack) ↔ Anchor Pointer (trazer de volta) → (Narja: Bottomless Hunger para 0 AP) → sequência de Anchor Shots (buffs de Scarlet),https://www.notion.so/08b3bd21c2d04eb08a32be1ba25ea9df,10 de março de 2026,Build focada em repetir Anchor Shot no mesmo turno usando Anchor Pointer. Time recomendado: Narja (reduz custo do Anchor Shot) + Veronica (draw/ciclo). Partner: Scarlet (mantém Focus/buffs usando ataques em sequência). Sets: Black Wing (2) + Cursed Corpse (2) + Executioner’s Tool (2). Equip (Season 2/Seed of Karmic Fire): City of Mist — Foggy Crystal Ball + Regenerative Ribcage + Flower of Dead Souls. Priorizar aplicação de Vulnerable (multiplicativo).,
Cássius,Suporte,A,"Cards, Devil Dice, Dice Trick, Joker, Mana Field, Pop Eyed Popper, Shuffle, Wild Card","Pop Eyed Popper -> escolher Quest -> Devil Dice para bater, comprar carta e gerar Morale -> usar Cards / Wild Card / Joker para controle e suporte -> completar Quest -> Dice Trick para curar o time e causar Fixed Damage, com Mana Field / Shuffle ajudando a ciclar o deck"," https://game8.co/games/Chaos-Zero-Nightmare/archives/560967",10 de março de 2026,"Cassius é um support focado em Morale, compra de cartas e cura. Ele usa Pop Eyed Popper para escolher a Quest, Devil Dice para causar dano e gerar Morale, e Dice Trick para curar o grupo e causar Fixed Damage quando as Quests são completadas. Cards, Wild Card, Mana Field, Shuffle e Joker ajudam a ciclar o deck, dar suporte ao time e manter as Quests fluindo. Priorizar HP, HP%, Defense e Defense% para ele segurar bem e sustentar o grupo.",
Magna,Híbrido,A,"Anchor Pointer, Anchor Shot, Blessing of Waves, Charge Energy, Frost Charge, Glacial Iron Fist, Ice Fragment, Ice Wall, Source of Water, Tactical Analysis",Ice Wall cedo → acumular Shield + Counterattack → (multi-alvo: AoE counterattack) → Frost Charge para Vulnerable,https://www.notion.so/c9db91a9ace7480aaf85e64eae11994a,10 de março de 2026,Build de Magna foca em shields + counterattacks (vira AoE com Ice Wall) e em stackar Vulnerable. Time recomendado: Haru (single-target) + Mika (cura/stress/AP). Partner: Eishlen (HP/shield gain + buff de dano por counterattack). Sets: Tetra’s Authority (2) + Seth’s Scarab (2) + Healer’s Journey (2). Equip: rota Shield (The Foretold Ruin: Singing Sword + Chains of Obsession + Corrupted Core) ou rota Vulnerable (Swamp of Judgment: The Flower of Life + Mask of Flames + Multifaceted Parallel Universe Nexus).,
Beryl,Híbrido,A,"Barrier, Charge Launcher, Charged Shot, Guilty Pleasure, Heavy Weapons Specialist, Launcher, Opening Found, Unlimited Firepower",Heavy Weapons Specialist para buffar dano de Launcher -> usar Charge Launcher para carregar e aumentar o dano -> Launcher para aplicar o dano principal -> Unlimited Firepower para estender o burst / gerar mais usos -> Barrier para se proteger enquanto prepara o próximo ciclo,https://game8.co/games/Chaos-Zero-Nightmare/archives/560910,10 de março de 2026,"Beryl é uma DPS focada em dano de Launcher. Heavy Weapons Specialist aumenta o dano das cartas de arma pesada, Charge Launcher prepara o disparo e amplifica o dano do Launcher, enquanto Unlimited Firepower ajuda a manter o burst por mais turnos. Barrier entra para proteger o time enquanto ela carrega e dispara os Launchers. Nos status, priorizar Justice/Order Damage%, Attack, Critical Chance% e Critical Damage% para maximizar o dano explosivo.",
Mei Lin,DPS,A,"Flame Dragon Guardian, Flame Dragon's Sovereignty, Flame Dragon’s Jewel, Rising Dragon Spire, Spirit of the Aromata, Strike, Unity of Attack and Defense","Flame Dragon's Jewel no começo pra buff permanente + Passion Weakness -> Unity of Attack and Defense pra puxar Strike e deixá-los leves/0 AP -> Flame Dragon Guardian e Spirit of the Aromata pra empilhar buffs de dano de Passion -> spammar Passion cards (Strike, Unity, outros do time) -> finalizar com Rising Dragon Spire turbinado, amplificado ainda mais por Flame Dragon's Sovereignty",https://game8.co/games/Chaos-Zero-Nightmare/archives/560150,10 de março de 2026,"Mei Lin é uma DPS de Passion focada em multiplicar hits e buffs de dragão. Flame Dragon's Jewel dá buff permanente e aplica Passion Weakness, Unity of Attack and Defense recicla Strike e reduz custo, Flame Dragon Guardian e Spirit of the Aromata empilham buffs de dano a cada Passion card, e Rising Dragon Spire é o finisher principal, potencializado por Flame Dragon's Sovereignty. Priorizar Passion Damage%, Attack, Critical Chance% e Critical Damage%.",Combo Infinito (https://www.notion.so/Combo-Infinito-0069050bdb4c43098b8115ca71869001?pvs=21)
Khalipe,Híbrido,A,"Absolute Protection, Greatsword Aquila, Lashing, Overpower, Rally, Tyr's Vow, Upward Slash, Vulture Ejection",Usar Absolute Protection / Rally cedo pra garantir Shield e tempo de setup -> jogar Greatsword Aquila e outras cartas caras pra ativar os efeitos defensivos/ofensivos -> Vulture Ejection como principal fonte de dano em área baseada em Defesa + Shield -> TTyr's Vow e Overpower pra amplificar o burst quando o inimigo já está enfraquecido -> Lashing e Upward Slash entram como attacks complementares pra aproveitar buffs de Defense/Instinct,https://game8.co/games/Chaos-Zero-Nightmare/archives/560149,10 de março de 2026,"Khalipe funciona como Sub DPS/Tank focada em dano em área baseado em Defesa com Vulture Ejection, enquanto mantém o time vivo com Shield. Greatsword Aquila e Overpower ajudam a transformar Defesa em dano, Absolute Protection e Rally garantem que ela sobreviva enquanto acumula recursos, e TTyr's Vow dá um pico de dano extra no momento certo. Lashing e Upward Slash completam o kit como ataques de cobertura que aproveitam buffs e debuffs já aplicados. Nos status, priorizar Defense, Defense%, HP%, Instinct/Order Damage% e Crit stats se você usa ela mais ofensiva.",
Orlea,Suporte,A,"Annoying, Attack My Minions, Growing Creature, Growth Acceleration, Healing of Light, Sacred Censer, Will of Light","Usar Sacred Censer e Annoying cedo para gerar minions/recursos -> Growing Creature para criar o “minion alvo” do combo (e eventualmente Softie, se você já tiver) -> Growth Acceleration para ativar efeitos de Retain e acelerar o scaling do alvo (minion, debuff, buff) -> Will of Light para reativar os efeitos de Retain na mão sem acabar o turno -> Attack, My Minions para converter esses minions/buffs acumulados em dano efetivo, mantendo Healing of Light como sustain quando o grupo precisa de cura.",https://game8.co/games/Chaos-Zero-Nightmare/archives/560635,10 de março de 2026,"Orlea é uma support/enabler voltada a Retain e minions. Sacred Censer, Annoying e Growing Creature colocam minions e peças de setup em campo; Growth Acceleration e Will of Light forçam múltiplas ativações de efeitos de Retain no mesmo turno; e Attack, My Minions converte esse setup em dano real. Healing of Light mantém a equipe saudável enquanto o combo escala. Ela brilha em comps de “one-shot” com Nine, Beryl ou Chizuru, empilhando buffs e debuffs antes do golpe final. Priorizar Defense%, Defense, Attack/Attack% e alguma Crit Chance% se você quer que os minions/buffs também acompanhem o dano da equipe.",
Renoa,DPS,B,"Ballad of Pitch Black, Black Thorn, Echo of Sorrow, Flower of Devoured Fate, Instant Judgment, Last-Ditch Assault, Resonating Darkness, Rock and Roll, Shuffle, Snack Time",Echo of Sorrow → Flower of Devoured Fate → (Shuffle para reciclar) → Black Thorn → Last-Ditch Assault (burst),https://www.notion.so/277f197f9fbb40c68571de650de3a6ad,10 de março de 2026,Build focada em gerar/descartar Dirge Bullets e converter em burst. Times: Rei+Cassius (consistente) ou Nia+Cassius (burst por reciclagem). Partner recomendado: Kiara. Sets: Offering of the Void (4) + Black Wing (2).,
Yuki,DPS,B,"Chrimeranite Blade, Flash Slash, Freezing Blade, Frostibite, Glarial Burst, Iceberg Cleave, Prepare to Subdue, Snowy Night, Trickery Strike",Prepare to Subdue (Draw/Buff) → Trickery Strike (Ativar Inspiration) → Flash Slash (AoE com custo reduzido) → Freezing Blade (Dano extra por Inspiration),https://game8.co/games/Chaos-Zero-Nightmare/archives/564729,10 de março de 2026,"Build focada na mecânica de Inspiration: Yuki ganha buffs massivos, redução de custo de AP e hits extras quando cartas entram na mão via skills.
• Estratégia: Priorize suportes que compram cartas (Card Draw) para manter o loop de Inspiration ativo todo turno.
• Times: Yuki + Veronica + Mika (Equilibrado) ou Yuki + Nia + Cassius (Ciclo rápido de Inspiration).
• Equipamentos: Chimeranite Weapons (Dano pós-compra).
• Sets (Memory Fragments): Bullet of Order (4) + Black Wing (2) para maximizar o dano de Atributo Order e ATK%.",
Nia,Suporte,B,"AMP Therapy, Adagio, G Chord, Mute Accent, Nia's Curiosity, Soul Rip, Stroke",Adagio → AMP Therapy → G Chord → Mute Accent → Soul Rip (burst),https://game8.co/games/Chaos-Zero-Nightmare/archives/560951,10 de março de 2026,"Build focada em Buffs Musicais e Suporte. Nia utiliza AMP Therapy e Adagio para manter o time com sustain e buffs de velocidade, enquanto Soul Rip e Mute Accent aplicam debuffs e dano nos inimigos.
• Times: Nia + Amir (Sustain/Tank) ou Nia + Owen (Dano).
• Partner recomendado: Kiara.
• Sets: Healing Set (4) + MP Regen (2).",
Selena,Híbrido,B,"Drone Bombing, High-Power Scope, Target Spotted",Drone Bombing ativo → aplicar Mark (High-Power Scope / Target Spotted) → usar cartas Passion em alvos marcados para procar Extra Attack/Coordinated,https://www.notion.so/7d209b6fba6a4a83877dbc96c9efc007,10 de março de 2026,Build de Selena foca em aplicar Mark para ativar Extra Attacks e Coordinated Attacks como Sub-DPS. Time recomendado: Mei Lin (DPS) + Mika (AP/sustento). Partner: Marin (buff de Extra Attack; bônus ao usar Skill). Sets (2/2/2): Black Wing + Executioner’s Tool + Tetra’s Authority. Equip: Twin Swords of Great and Lesser Evil + Dance of the Night Butterflies + Natural Predator.,
Tressa,DPS,B,"Curse, Cursed Gouge, Dagger Throw, Shadow Reload, Touch of Darkness, Unsheathe Dagger, Vital Attack",Unsheathe Dagger -> gerar múltiplas Shadow Daggers no deck -> Agony Injection / Shadow Trace para aplicar e manter Agony no alvo -> acumular 3+ stacks de Agony -> Shadow Reload para transformar todas as Shadow Daggers em Advanced Shadow Daggers e disparar o burst -> Vital Attack com 3+ Agony para ativar o terceiro hit -> Commence the Hunt (Hugo) mantendo o buff ativo -> Predation / Voracity (Narja) para reduzir custo e buffar o dano das cartas da Tressa,https://game8.co/games/Chaos-Zero-Nightmare/archives/560628,10 de março de 2026,"Na Season 2, a melhor build da Tressa gira em torno de geração e consumo de Shadow Daggers, em vez de focar em dano de Agony puro. O objetivo é gerar daggers com Unsheathe Dagger, transformar tudo em Advanced Shadow Dagger com Shadow Reload e finalizar com Vital Attack, que ganha um hit extra quando o alvo está com 3 ou mais stacks de Agony.",
Luke,DPS,B,"Dance of the Demon, Finisher Round, Rapid Fire, Seize the Opportunity, Shadow Concealment, Single Shot, Stealth Reload",Stealth Reload -> gerar Handgun Bullets -> Rapid Fire / Single Shot para gastar Bullets e causar dano -> Seize the Opportunity para buffar Bullet card Damage -> Dance of the Demon para burst com várias Bullets usadas -> Finisher Round para encerrar o turno com dano extra baseado nas Bullets consumidas,https://game8.co/games/Chaos-Zero-Nightmare/archives/560625,10 de março de 2026,"Luke é um DPS de Bullet focado em gerar Handgun Bullets com Stealth Reload e gastar essas balas com Single Shot, Rapid Fire, Dance of the Demon e Finisher Round. Seize the Opportunity aumenta o dano das Bullet cards e deixa o burst dele muito forte quando consegue usar várias Bullets no mesmo turno. Priorizar Order/Void Damage%, Attack, Critical Chance% e Critical Damage% para maximizar o dano das Bullet cards.",
Maribell,DPS,B,"Maribell Shelter MK.II, Oh… I see, Residual Herb, Resolute Blitz, Shelter Defense, Shelter Hold, Shelter Kick, Shelter Strike, Wolves’ Dome",Shelter Defense / Shelter Hold para gerar Shield e segurar dano -> Oh... I see para ganhar Counterattack e Shield -> Resolute Blitz para bater baseado em DEF -> Maribell Shelter MK.II / Wolves'Dome e Residual Herb para aumentar ainda mais o Shield -> finalizar os turnos com Shelter Kick e outros ataques que convertem Shield em Fixed Damage," https://game8.co/games/Chaos-Zero-Nightmare/archives/560646",10 de março de 2026,"Maribell é uma Sub DPS/Tank focada em acumular Shield e converter isso em Fixed Damage. Shelter Defense e Shelter Hold protegem o time e geram Shield, Oh... I see e Resolute Blitz dão Counterattack e dano baseado em DEF, enquanto Maribell Shelter MK.II, Wolves'Dome e Residual Herb turbinaram o Shield e o sustain. Como o dano vem principalmente do valor de Shield, ela liga pouco para buffs genéricos de dano, priorizando Passion Damage%, Critical Chance%, Critical Damage e Defense nos status e equipamentos.",
Kayron,DPS,B,"Black Hole, Brand of Annihilation, Echo of Futility, Echoes of True Abyss, Elimination, Oath of Vanity, Sphere",Echoes of True Abyss / Sphere para gerar Futility -> Echo of Futility para criar e exaurir Futility -> Elimination para limpar inimigos fracos e acelerar stack -> Oath of Vanity para converter Futility em dano/ sustain -> finalizar com Black Hole ou Brand of Annihiliation com Futility acumulada,https://game8.co/games/Chaos-Zero-Nightmare/archives/560374,10 de março de 2026,"Kayron é um DPS de Void que escala dano em cima de Futility criada e exaurida. Echoes of True Abyss, Sphere e Echo of Futility constroem a Futility, enquanto Elimination acelera limpeza de campo. Oath of Vanity converte Futility em dano e cura, e o burst vem de Black Hole e Brand of Annihiliation com Futility acumulada. Priorizar Void Damage%, Attack, Critical Chance% e Critical Damage% para aproveitar ao máximo o scaling do kit.",
Amir,Híbrido,C,"Full Metal, Hovering Metal, Hurricane, Iron Skin, Metal Extraction, Metal Pierce, Rapier, Steel Barrier",Iron Skin → Steel Barrier → Metal Extraction → Metal Pierce → Full Metal Hurricane (burst),https://game8.co/games/Chaos-Zero-Nightmare/archives/560774,10 de março de 2026,"Build focada em acumular Metalize para aumentar a resistência e o dano. Amir usa Steel Barrier e Iron Skin para tankar, enquanto o Full Metal Hurricane serve como o finalizador principal baseado em stacks.
• Times: Amir + Nia (Sustain) ou Amir + Cassius (Combo de Burst).
• Partner recomendado: Kiara.
• Sets: Defense Set (4) + HP Set (2).",
Owen,Suporte,C,"Break Armor, Downward Cut, Gale Strike, Weapon Block, Wind Charge, Wind Riding, Wind Slash",Wind Charge → Wind Riding → Break Armor → Wind Slash → Gale Strike (burst),https://game8.co/games/Chaos-Zero-Nightmare/archives/560955,10 de março de 2026,"Build focada em Wind DMG e Armor Shred. Owen brilha ao usar Wind Charge e Wind Riding para bufar seu próximo ataque, seguido de Break Armor para garantir que o Gale Strike cause o dano máximo.
• Times: Owen + Nia (Sustain) ou Owen + Cassius (Foco em quebra de defesa).
• Partner recomendado: Kiara.
• Sets: Wind Damage Set (4) + ATK% (2).",
Lucas,Híbrido,C,"Extended Magazine, Flame Thrower, Flashbang, Launcher Bullet, Machine Gun, R.P.G-7, S.S.S, Shelling Bullet, Shielding Incendiary Bomb",Extended Magazine (criar 5 Launcher Bullet com Exhaust) -> R.P.G-7 (aplicar o upgrade de dano fixo por Bullet exhausted) -> gerar e exaurir Bullet cards (Launcher / Handgun / Shelling) com Lucas e aliados -> S.S.S para causar dano e buffar Bullet card Damage -> repetir o ciclo de exaustão de Bullets para empilhar o dano fixo do R.P.G-7,https://game8.co/games/Chaos-Zero-Nightmare/archives/560956,10 de março de 2026,"Build do Lucas focada em dano fixo via R.P.G-7, funcionando como Sub DPS de suporte para times que geram muitas Bullet cards (como Luke). A ideia é usar Extended Magazine para criar vários Launcher Bullet com Exhaust e, em seguida, aplicar R.P.G-7 para fazer com que cada Bullet exaurida cause dano fixo em área. Qualquer Bullet funciona para R.P.G-7, inclusive as geradas pelos outros membros da equipe, então o valor dele cresce muito em composições com geradores de balas constantes.",